HYMN TITLE, Hymn
OH PRAISE THE LORD THE LORD FOR HE IS GOOD,0
JESUS IS STANDING IN PILATE'S HALL,A
WALKING WITH JESUS ALONG LIFE'S WAY,1A
AFTER THE MIDNIGHT MORNING WILL GREET US,1
A WONDERFUL SAVIOR IS JESUS MY LORD,2
A MIGHTY FORTRESS IS OUR GOD,3
ASLEEP IN JESUS BLESSED SLEEP,4
HERE I LABOR AND TOIL AS I LOOK FOR A HOME,5
ALAS AND DID MY SAVIOR BLEED,6
ALL HAIL THE POW'R OF JESUS' NAME,7
A CHARGE TO KEEP I HAVE,8
EACH DAY I'LL DO A GOLDEN DEED,9
ALL TO JESUS I SURRENDER,10
IN THE BIBLE WE READ OF A BEAUTIFUL PRAY'R,11
AMAZING GRACE HOW SWEET THE SOUND,12
THERE IS REST SWEET REST AT THE MASTER'S FEET,13
BURIED WITH CHRIST MY BLESSED REDEEMER,14
TO GOD BE THE GLORY GREAT THINGS HE HATH DONE,15
BEYOND THE GATES OF LIFE SO FLEETING,16
THERE'S A BEAUTIFUL PLACE CALLED HEAVEN,17
I WANT TO BE A SOUL WINNER FOR JESUS EV'RY DAY,18
ABIDE WITH ME FAST FALLS THE EVENTIDE,19
AGAIN THE LORD OF LIGHT AND LIFE,20
ALMOST PERSUADED NOW TO BELIEVE,21
ANGELS ARE SINGING REDEMPTION'S SWEET SONG,22
ANGRY WORDS O LET THEM NEVER,23
EARTHLY WEALTH AND FAME,24
ANYWHERE WITH JESUS I CAN SAFELY GO,25
ALL THE WAY MY SAVIOR LEADS ME,26
AS THE LIFE OF A FLOW'R,27
SUNSET AND EVENING STAR,28
BEAUTIFUL ROBES SO WHITE,29
YOU ARE AT THE CROSSROADS,30
BE NOT DISMAYED WHATE'ER BETIDE,31
BE WITH ME LORD I CANNOT LIVE WITHOUT THEE,32
AWAKE AND SING THE SONG,33
ABIDE WITH ME 'TIS EVENTIDE,34
ALL PEOPLE THAT ON EARTH DO DWELL,35
BEHOLD A STRANGER AT THE DOOR,36
SOMEWHERE THE SUN IS SHINING,37
BENEATH THE CROSS OF JESUS,38
I WILL MEET YOU IN THE MORNING IN THAT CITY FOUR-SQUARE,39
INTO MY HEART INTO MY HEART,39b
WHEN YOU ARE ANXIOUS AND BURDENED WITH CARE,40
BY HIS WONDERFUL GRACE,41
I'VE REACHED THE LAND OF LOVE DIVINE,42
BLESSED ASSURANCE JESUS IS MINE,43
BEYOND THE SUNSET'S RADIANT GLOW,44
BEYOND THIS LAND OF PARTING LOSING AND LEAVING,45
BLEST BE THE TIE THAT BINDS,46
BEYOND THE SUNSET O BLISSFUL MORNING,47
THE LITTLE FLOW'R THAT OPENS,48
TO US A CHILD OF HOPE IS BORN,49
DAYS ARE FILLED WITH SORROW AND CARE,50
BREAK THOU THE BREAD OF LIFE,51
BY CHRIST REDEEMED IN CHRIST RESTORED,52
ALL PRAISE TO HIM WHO REIGNS ABOVE,53
FATHER HEAR THE PRAY'R WE OFFER,54
DYING WITH JESUS BY DEATH RECKONED MINE,55
SOWING IN THE MORNING SOWING SEEDS OF KINDNESS,56
IN THE VINEYARD OF THE LORD,57
I HAVE LEFT THE LAND OF BONDAGE WITH ITS EARTHLY TREASURES,58
IT MAY BE FAR IT MAY BE NEAR,59
CHRIST FOR THE WORLD WE SING,60
COME YE DISCONSOLATE WHERE'ER YE LANGUISH,61
BRING CHRIST YOUR BROKEN LIFE,62
MY FATHER IS RICH IN HOUSES AND LANDS,63
CHRIST THE LORD IS RIS'N TODAY,64
THO' DARK AND DREARY BE LIFE'S WAY,65
RISE UP O MEN OF GOD,66
COME THOU ALMIGHTY KING,67
WHEN THE CRIMSON SUN IS SET,68
O HEART BOWED DOWN WITH SORROW,69
CAN YOU COUNT THE STARS OF EVENING,70
WHILE SHEPHERDS WATCHED THEIR FLOCKS BY NIGHT,71
COME LET US ALL UNITE TO SING,72
CONSIDER THE LILIES OF THE FIELD,73
CHRIST WE DO ALL ADORE THEE,74
WHEN WE BEHOLD THE WONDERS OF CREATION,75
WHATE'ER YOU DO IN WORD OR DEED,76
DEAR LORD AND FATHER OF MANKIND,77
FATHER HEAR THY CHILDREN'S CALL,78
DAY IS DYING IN THE WEST,79
SINCE I KNELT AT THE CROSS OF MY SAVIOR,80
JUST TO KNOW THAT JESUS LOVES ME,81
CHRIST THE DEAR LORD GLORIOUS LORD SPEAKS TO US GENTLY,82
THERE IS COMING A DAY WHEN THE SUN WILL NEVER RISE,83
DARK NOW ON CALV'RY'S HILL,84
LOST SHEEP ARE WAND'RING,85
IN THE HARVEST FIELD NOW RIPENED,86
ARE YOU DWELLING IN THE SUNLIGHT,87
OF ONE THE LORD HAS MADE THE RACE,88
FAR AWAY THE NOISE OF STRIFE UPON MY EAR IS FALLING,89
JESUS FROM HEAVEN CAME,90
SOUL YOU ARE DRIFTING ALONG ON THE TIDE,91
CLOSER TO THEE NEAR TO THY SIDE,92
WHY SHOULD I NOT LOVE JESUS,93
EACH STEP I TAKE MY SAVIOR GOES BEFORE ME,94
EARTH HOLDS NO TREASURES BUT PERISH WITH USING,95
I WALK WITH THE SAVIOR EACH STEP OF THE WAY,96
ENCAMPED ALONG THE HILLS OF LIGHT,97
FACE TO FACE WITH CHRIST MY SAVIOR,98
THERE'S A HAPPY LAND OF PROMISE OVER IN THE GREAT BEYOND,99
ERE YOU LEFT YOUR ROOM THIS MORNING,100
FAR AWAY IN THE DEPTHS OF MY SPIRIT TONIGHT,101
FAIREST LORD JESUS,102
FATHER AND FRIEND THY LIGHT THY LOVE,103
FATHER WE THANK THEE FOR THE NIGHT,104
WHEN WE MEET IN SWEET COMMUNION,105
FEAR NOT LITTLE FLOCK SAYS THE SAVIOR DIVINE,106
I TRAVELED DOWN A LONELY ROAD,107
JESUS LOVES ME THIS I KNOW,108
MORE HOLINESS GIVE ME,109
MY SOUL O'ERFLOWS WITH JOY AND PEACE,110
TAKE MY LIFE AND LET IT BE,111
HOMELESS HERE THE SOUL MAY ROVE,112
SWEETLY LORD HAVE WE HEARD THEE CALLING,113
I STAND AMAZED IN THE PRESENCE,114
FROM EV'RY STORMY WIND THAT BLOWS,115
IN THE CROSS OF CHRIST I GLORY,116
ONCE WE WANDERED DEEP IN SIN,117
LOOK AWAY FROM THE CROSS TO THE GLITTERING CROWN,118
TEMPTED AND TRIED WE'RE OFT MADE TO WONDER,119
GIVE ME THE BIBLE STAR OF GLADNESS GLEAMING,120
FOR CHRIST AND THE CHURCH LET OUR VOICES RING,121
FATHER OF MERCIES DAY BY DAY,122
PEACE PERFECT PEACE IN THIS DARK WORLD OF SIN,123
CHRIST THE MASTER OF THE OCEAN,124
IN HEAV'NLY LOVE ABIDING,125
GIVE ME THY HEART SAYS THE FATHER ABOVE,126
GOD BE WITH YOU TILL WE MEET AGAIN,127
STAND NO LONGER IDLE HEED THE CALL,128
WHEN I CAN READ MY TITLE CLEAR,129
RAISE WE OUR VOICES THE WHOLE WORLD REJOICES,130
O GOD OUR HELP IN AGES PAST,131
DREAD NOT THE THINGS THAT ARE AHEAD,132
I LOVE THEE I LOVE THEE I LOVE THEE MY LORD,133
GOD IS THE FOUNTAIN WHENCE,134
GOD MOVES IN A MYSTERIOUS WAY,135
WHEN WE REACH THAT HOME AND LAY OUR BURDENS DOWN,136
IN MEM'RY OF THE SAVIOR'S LOVE,137
GLORIOUS THINGS OF THEE ARE SPOKEN,138
GOD OF OUR FATHERS WHOSE ALMIGHTY HAND,139
WITHIN THE HEART OF EV'RY MAN,140
GUIDE ME O THOU GREAT JEHOVAH,141
MY JESUS I LOVE THEE I KNOW THOU ART MINE,142
JESUS IS TENDERLY CALLING THEE HOME,143
GRACE ALL SUFFICIENT JESUS PROVIDES,144
I WILL SING THE WONDROUS STORY,145
MARVELOUS GRACE OF OUR LOVING LORD,146
IN THE RESURRECTION MORNING,147
HALLELUJAH PRAISE JEHOVAH,148
HARK THE GENTLE VOICE OF JESUS FALLETH,149
SWEETLY I TRUST IN MY REDEEMER AS I GO SINGING ON MY WAY,150
JESUS THY NAME I LOVE,151
HARK THE HERALD ANGELS SING,152
IN THE HUSH OF EARLY MORNING,153
JESUS WALKED THE LONELY ROAD TO CALVARY,154
LOOK TO THE MIGHTY ONE FATHER OF ALL,155
ARISE THE MASTER CALLS FOR THEE,156
HE LEADETH ME O BLESSED THOUGHT,157
MY PRECIOUS SAVIOR SUFFERED PAIN AND AGONY,158
I GAVE MY LIFE FOR THEE,159
THE SAVIOR HAS COME IN HIS MIGHTY POW'R,160
AWAKE MY TONGUE THY TRIBUTE BRING,161
TWAS CHRIST MY LORD WHO CAME TO SHARE,162
THERE'S WITHIN MY HEART A MELODY,163
ALTHO I CANNOT SEE THE WAY,164
HARK 'TIS THE SHEPHERD'S VOICE I HEAR,165
I SERVE A RISEN SAVIOR HE'S IN THE WORLD TODAY,166
WHY DID THE SAVIOR HEAVEN LEAVE,167
WALKING IN SUNLIGHT ALL OF MY JOURNEY,168
HAVE THINE OWN WAY LORD,169
WHEN THE STORMS OF LIFE ARE RAGING,170
TIS THE GRANDEST THEME THRU THE AGES RUNG,171
SOMETIME WHEN MISGIVINGS DARKEN THE DAY,172
I WAS LOST IN SIN BUT JESUS RESCUED ME,173
GO SPREAD THE BLESSED GOSPEL,174
ALL DAY LONG OF JESUS I AM SINGING,175
WHEN DAYS OF TOIL HAVE ALL GONE BY,176
HIDE ME O MY SAVIOR HIDE ME,177
HOW FIRM A FOUNDATION YE SAINTS OF THE LORD,178
HOW SHALL THE YOUNG SECURE THEIR HEARTS,179
DEEPER THAN THE OCEAN AND WIDER THAN THE SEA,180
ONWARD REJOICING I TREAD LIFE'S WAY,181
O THOU BLESSED ROCK OF AGES,182
MARVELOUS GRACE INFINITE GRACE,183
WHEN YOU PILLOW YOUR HEAD AT THE CLOSE OF THE DAY,184
HE IS MY EV'RYTHING,185
HOLY HOLY HOLY LORD GOD ALMIGHTY,186
FATHER WHATE'ER OF EARTHLY BLISS,187
ALONE CHRIST STOOD IN PILATE'S HALL,188
HOLY FATHER GLOR'OUS MASTER,189
MY JESUS KNOWS WHEN I AM LONELY,190
IF FOR THE PRIZE WE HAVE STRIVEN,191
IS IT FOR ME DEAR SAVIOR,192
I'VE FOUND MY LORD AND HE IS MINE,193
WE READ OF A PLACE THAT'S CALLED HEAVEN,194
HOW SWEET HOW HEAV'NLY IS THE SIGHT,195
HOW SWEET THE NAME OF JESUS SOUNDS,196
I AM A STRANGER HERE WITHIN A FOREIGN LAND,197
ON JORDAN'S STORMY BANKS I STAND,198
SAVIOR I LOOK TO THEE,199
O JESUS I HAVE PROMISED,200
TAKE THE WORLD BUT GIVE ME JESUS,201
YOU MAY HAVE YOUR WORLDLY PLEASURES YOUR SILVER AND YOUR GOLD,202
I AM THINE O LORD I HAVE HEARD THY VOICE,203
I HAVE A SAVIOR HE'S PLEADING IN GLORY,204
I AM THINKING TODAY OF THAT BEAUTIFUL LAND,205
THE KING OF ALL KINGS WHO DID SUFFER FOR SIN,206
I AM GOING SOMEDAY TO THAT CITY FOUR-SQUARE,207
I HAVE HEARD OF A LAND ON THE FAR AWAY STRAND,208
I HAVE HEARD OF A LAND,209
I COME TO THE GARDEN ALONE,210
WHEN I NEED SOMEONE IN TIME OF GRIEF,211
I HOLD TO THE HAND OF MY SAVIOR AND FRIEND,212
PRECIOUS MEM'RIES UNSEEN ANGELS,213
MY NAME IS IN THE BOOK OF LIFE,214
MY LIFE MY LOVE I GIVE TO THEE,215
HERE WE ARE BUT STRAYING PILGRIMS,216
I KNOW THAT MY REDEEMER LIVES,217
I KNOW THAT MY REDEEMER LIVES,218
LORD I CARE NOT FOR RICHES,219
I BRING MY SINS TO THEE,220
IMMORTAL LOVE FOR EVER FULL,221
I KNOW THAT MY REDEEMER LIVETH,222
FOR GOD SO LOVED THIS SINFUL WORLD,223
I LOVE THY KINGDOM LORD,224
IN THE HOUR OF TRIAL,225
HAVE THINE AFFECTIONS BEEN NAILED TO THE CROSS?,226
I LOVE TO TELL THE STORY,227
I MUST NEEDS GO HOME BY THE WAY OF THE CROSS,228
I MUST TELL JESUS ALL OF MY TRIALS,229
I WANT TO BE A WORKER FOR THE LORD,230
I WALK WITH THE KING TO HEAVENLY LAND,231
I WILL SING OF MY REDEEMER,232
IN HEAVEN THEY'RE SINGING A WONDERFUL SONG,233
JESUS MY HEAV'NLY KING LOVES ME I KNOW,234
I HAVE A SONG I LOVE TO SING,235
I WOULD NOT LIVE WITHOUT JESUS,236
I KNOW NOT WHY GOD'S WONDROUS GRACE,237
I BELIEVE IN THE ONE THEY CALLED JESUS,238
ALLELUIA ALLELUIA,238b
SOON WE'LL COME TO THE END OF LIFE'S JOURNEY,239
WHEN THE SAVIOR CALLS I WILL ANSWER,240
I SAW THE CROSS OF JESUS,241
WHEN ALL MY TRIALS AND CARES ARE O'ER,242
SOME GLAD MORNING WHEN THIS LIFE IS O'ER,243
MY SAVIOR IS CALLING HIS VOICE I HEAR,244
THE HARVEST CALL COMES O'ER THE WAVE,245
THEY TRIED MY LORD AND MASTER,246
IT MAY NOT BE ON THE MOUNTAIN'S HEIGHT,247
I'D LIKE TO STAY HERE LONGER THAN MAN'S ALLOTTED DAYS,248
TIME IS FILLED WITH SWIFT TRANSITION,249
I WILL MEET YOU IN THE MORNING BY THE BRIGHT RIVER SIDE,250
THOUGH MY CROSS MAY BE HARD TO BEAR,251
EARLY MY GOD WITHOUT DELAY,252
THE LORD BLESS YOU AND KEEP YOU,253
IT MAY BE IN THE VALLEY WHERE COUNTLESS DANGERS HIDE,254
I'M PRESSING ON THE UPWARD WAY,255
I'M NOT ASHAMED TO OWN MY LORD,256
I NEED THEE EV'RY HOUR,257
INTO THE HEART OF JESUS DEEPER AND DEEPER I GO,258
OH WHAT WONDROUS LOVE I SEE,259
SOON THE TOILS OF LIFE WILL CEASE,260
IN THE KINGDOM OF THE LORD,261
IN THE LAND OF FADELESS DAY,262
IN THE DESERT OF SORROW AND SIN,263
SAVED ONES IN GLORY ARE WAITING FOR ME,264
IT MAY BE AT MORN WHEN THE DAY IS AWAKING,265
IT CAME UPON THE MIDNIGHT CLEAR,266
WHEN MY LIFE WORK IS ENDED AND I CROSS THE SWELLING TIDE,267
ALL THINGS PRAISE THEE LORD MOST HIGH,268
WHEN THE TRUMPET SHALL SOUND,269
FROM GREENLAND'S ICY MOUNTAINS,270
ASK AND IT SHALL BE GIVEN UNTO YOU,271
TIS A SWEET AND GLORIOUS THOUGHT THAT COMES TO ME,272
THE SERVICE OF JESUS TRUE PLEASURE AFFORDS,273
JESUS AND SHALL IT EVER BE,274
JESUS CALLS US: O'ER THE TUMULT,275
JESUS IS ALL THE WORLD TO ME,276
AS I TRAVEL THRU THIS PILGRIM LAND,277
JESUS IS CALLING CALLING CALLING,278
FADE FADE EACH EARTHLY JOY,279
WHEN PEACE LIKE A RIVER ATTENDETH MY WAY,280
DO THE DARK CLOUDS O'ERSHADOW YOUR PATHWAY?,281
JESUS SAVIOR DEAR REDEEMER,282
JESUS KEEP ME NEAR THE CROSS,283
JESUS LOVER OF MY SOUL,284
JESUS LOVER OF MY SOUL,285
I CARE NOT TODAY WHAT THE MORROW MAY BRING,286
IN VAIN IN HIGH AND HOLY LAYS,287
GONE IS ALL MY DEBT OF SIN,288
I HEAR THE SAVIOR SAY,289
JESUS SAVIOR PILOT ME,290
JOY TO THE WORLD THE LORD IS COME!,291
I AM THE VINE AND YE ARE THE BRANCHES,292
JESUS ROSE OF SHARON BLOOM WITHIN MY HEART,293
JESUS THE LOVING SHEPHERD,294
EV'RYBODY OUGHT TO KNOW,295
FOR THE BEAUTY OF THE EARTH,296
SOON THIS LIFE WILL ALL BE OVER,297
I ONCE WAS LOST IN SIN BUT JESUS TOOK ME IN,298
I HAVE DECIDED TO FOLLOW JESUS,299
HEAR THE VOICE OF JESUS SAY,300
JUST BEYOND THE ROLLING RIVER,301
FAR AND NEAR THE FIELDS ARE TEEMING,302
I'VE A HOME PREPARED WHERE THE SAINTS ABIDE,303
HOW PRECIOUS IS THE BOOK DIVINE,304
THERE ARE MANY PATHS THRU THIS WORLD OF SIN,305
I NEED THE PRAYERS OF THOSE WHO LOVE ME,306
WHEN I AM TEMPTED EVIL TO DO,307
KNEEL AT THE CROSS,308
WHEN I COME TO THE RIVER AT ENDING OF DAY,309
LEAD KINDLY LIGHT,310
THROW OUT THE LIFE-LINE ACROSS THE DARK WAVE,311
BRIGHTLY BEAMS OUR FATHER'S MERCY,312
LAUNCH FORTH THOU MIGHTY WORD!,313
TO LOVE SOME ONE MORE DEARLY EV'RY DAY,314
LEAD ME GENTLY HOME,315
WHAT A FELLOWSHIP,316
LORD DISMISS US WITH THY BLESSING,317
LIVE FOR JESUS,318
LET EV'RY HEART REJOICE AND SING,319
LEAN ON THE MIGHTY ARM OF JESUS,320
LET THE LORD BE PRAISED,321
IN THY FIELD I WOULD WIELD SICKLES BRAVE AND TRUE,322
JESUS THE VERY THO'T OF THEE,323
JESUS THOU JOY OF LOVING HEARTS,324
HOW TO REACH THE MASSES MEN OF EV'RY BIRTH?,325
OFTEN I'VE HEARD OF HEAVEN WONDERFUL COUNTRY SOMEWHERE,326
LORD OF ALL BEING,327
LOOKING TO THEE FROM DAY TO DAY,328
WHEN THE ROAD IS ROUGH AND THE WAY IS DIM,329
IN THE GOOD BOOK WE'RE TOLD HOW TO THE SAINTS OF OLD,330
LOVE DIVINE ALL LOVE EXCELLING,331
LIVING FOR JESUS A LIFE THAT IS TRUE,332
HEAR US HEAV'NLY FATHER,333
MY COUNTRY 'TIS OF THEE,334
LORD DISMISS US WITH THY BLESSING,335
ONCE FROM MY POOR SIN-SICK SOUL,336
LOW IN THE GRAVE HE LAY,337
LORD WE COME BEFORE THEE NOW,338
MORE ABOUT JESUS WOULD I KNOW,339
SAVED BY THE BLOOD OF THE CRUCIFIED ONE!,340
WHERE LIVEST THOU? IN PLEASURES OF THE WORLD?,341
TROUBLESOME TIMES ARE HERE FILLING MEN'S HEARTS WITH FEAR,342
TAKE TIME TO BE HOLY,343
IS YOUR LIFE A CHANNEL OF BLESSING?,344
I WAS SINKING DEEP IN SIN,345
MASTER THE TEMPEST IS RAGING!,346
IT WAS MATCHLESS LOVE THAT FOUND ME,347
SAVIOR TEACH ME DAY BY DAY,348
ON THE HAPPY GOLDEN SHORE,349
I'M SATISFIED WITH JUST A COTTAGE BELOW,350
THERE IS A VALLEY JUST BEYOND LIFE'S SUNSET,351
IN SORROW I WANDERED MY SPIRIT OPPREST,352
MY FAITH LOOKS UP TO THEE,353
MY JESUS AS THOU WILT!,354
MY LATEST SUN IS SINKING FAST,355
MY LORD HAS GARMENTS SO WONDROUS FINE,356
LOVE HIM LOVE HIM,357
MUST JESUS BEAR THE CROSS ALONE,358
MUST I GO AND EMPTY-HANDED?,359
MY STUBBORN WILL AT LAST HATH YIELDED,360
THERE'S A GREAT DAY COMING,361
CROWN HIM WITH MANY CROWNS,362
WITHOUT HIM I COULD DO NOTHING,363
NEARER MY GOD,364
NEARER STILL NEARER,365
THERE IS A PLACE OF QUIET REST,366
THERE'S NO DISAPPOINTMENT IN HEAVEN,367
JESUS MEEK AND GENTLE,368
GOD HAS NOT PROMISED SKIES ALWAYS BLUE,369
NIGHT WITH EBON PINION,370
I WOULD LOVE TO TELL YOU WHAT I THINK OF JESUS,371
NOTHING BETWEEN MY SOUL AND THE SAVIOR,372
O THE BITTER PAIN AND SORROW,373
NOT A STEP WILL I TAKE WITHOUT JESUS,374
MY SAVIOR'S GONE A MANSION TO PREPARE,375
WHAT CAN WASH AWAY MY SIN?,376
NOW THE DAY IS OVER,377
O FOR A CLOSER WALK WITH GOD,378
O FOR A FAITH THAT WILL NOT SHRINK,379
THERE IS A NAME I LOVE TO HEAR,380
PRAISE TO GOD IMMORTAL PRAISE,381
IN LOVING-KINDNESS JESUS CAME,382
OFT WE COME TOGETHER,383
TWAS ON THAT HILL SO LONG AGO,384
NO TEARS IN HEAVEN NO SORROWS GIVEN,385
O HAPPY DAY THAT FIXED MY CHOICE,386
DOWN AT THE CROSS WHERE MY SAVIOR DIED,387
ONE STEP AT A TIME DEAR SAVIOR,388
O GOD OF INFINITE MERCY,389
THERE WAS ONE WHO WAS WILLING TO DIE IN MY STEAD,390
O COULD I SPEAK THE MATCHLESS WORTH,391
PRAISE GOD FROM WHOM ALL BLESSINGS FLOW,392
LEAD ON O KING ETERNAL,393
O LISTEN TO OUR WONDROUS STORY,394
O LOVE THAT WILL NOT LET ME GO,395
O MASTER LET ME WALK WITH THEE,396
O LORD OUR LORD,397
O SACRED HEAD NOW WOUNDED,398
O PRAISE THE LORD ALL YE NATIONS,399
O HOW KINDLY HAST THOU LED ME,400
O SOMETIMES THE SHADOWS ARE DEEP,401
O THEY TELL ME OF A HOME FAR BEYOND THE SKIES,402
AS I JOURNEY THRU THE LAND SINGING AS I GO,403
O SPREAD THE TIDINGS 'ROUND WHEREVER MAN IS FOUND,404
O THOU FOUNT OF EV'RY BLESSING,405
O WORSHIP THE KING,406
ONE BLESSED HOUR WITH JESUS OUR LORD,407
O TO BE LIKE THEE! BLESSED REDEEMER,408
O THINK OF THE HOME OVER THERE,409
HAVE YOU LIFTED A STONE FROM YOUR BROTHERS' WAY,410
OH THE DEPTH AND THE RICHES OF GOD'S SAVING GRACE,411
ON JORDAN'S STORMY BANKS I STAND,412
ON THE CROSS OF CALVARY,413
ON ZION'S GLORIOUS SUMMIT STOOD,414
HEAR THE RANSOMED THRONG AS THEY SWEETLY SING,415
THERE'S A BOOK WHICH SURPASSES THE SAGES,416
I HAVE A HOME IN A FAIR SUMMER-LAND,417
ONWARD CHRISTIAN SOLDIERS,418
ONLY IN THEE O SAVIOR MINE,419
SEE! THE MONARCH OF MONARCHS,420
O THE PRECIOUS LOVE OF JESUS,421
THE WORLD HAS LOST THE RIGHT OF PRAYER,422
ONE DAY WHEN HEAVEN WAS FILLED WITH HIS PRAISES,423
AS I TRAVEL THRU LIFE WITH ITS TROUBLE AND STRIFE,424
LIVING BELOW IN THIS OLD SINFUL WORLD,425
PRAISE HIM! PRAISE HIM! JESUS OUR BLESSED REDEEMER!,426
PRAISE THE LORD YE HEAV'NS ADORE HIM!,427
PURER YET AND PURER,428
READY TO SUFFER GRIEF OR PAIN,429
WHEN STORMS AROUND ARE SWEEPING,430
O RANSOMED SOULS WITH JOYOUS SONG,431
PRINCE OF PEACE! CONTROL MY WILL,432
PURER IN HEART O GOD,433
THERE'S A CALL THAT COMES FORTH FROM THE FIELDS FAR AND WIDE,434
O BEAUTIFUL FOR SPACIOUS SKIES,435
SWEET IS THE SONG I AM SINGING TODAY,436
MID THE TOIL AND STRIFE OF THIS BUSY LIFE,437
REDEEMED HOW I LOVE TO PROCLAIM IT!,438
RESCUE THE PERISHING,439
REJOICE IN HIM WHO RULES TODAY,440
LOVE FOR ALL AND CAN IT BE?,441
LET EV'RY MOUNTAIN EV'RY HILL,442
O ROCK IN THE DESERT I FLY UNTO THEE,443
THEY CRUCIFIED MY LORD,444
ROCK OF AGES CLEFT FOR ME,445
WE PRAISE THEE O GOD,446
SAVIOR LEAD ME LEST I STRAY,447
THERE'S A MESSAGE TRUE AND GLAD,448
MAN OF SORROWS' WHAT A NAME,449
GO SPREAD THE BLESSED GOSPEL WHEREVER MAN IS FOUND,450
JESUS ON THE NIGHT BETRAYED,451
SAFE IN THE ARMS OF JESUS,452
SAFELY THRU ANOTHER WEEK,453
TODAY IS THE DAY OF SALVATION,454
JESUS AND SHALL IT EVER BE,455
JESUS GAVE HIS LIFE A RANSOM YONDER ON CALVARY,456
SAVIOR GRANT ME REST AND PEACE,457
SAVIOR MORE THAN LIFE TO ME,458
SAVIOR LIKE A SHEPHERD LEAD US,459
SCATTERING PRECIOUS SEED BY THE WAYSIDE,460
SEEKING THE LOST YES KINDLY ENTREATING,461
A PILGRIM WAS I AND A-WAND'RING,462
SHALL I CRUCIFY MY SAVIOR,463
SING ON YE JOYFUL PILGRIMS,464
FLEE AS A BIRD TO YOUR MOUNTAIN,465
THERE'S A CALL COMES RINGING O'ER THE RESTLESS WAVE,466
SILENT NIGHT! HALLOWED NIGHT!,467
SOFTLY NOW THE LIGHT OF DAY,468
ONE SWEETLY SOLEMN THO'T,469
SAVIOR THY DYING LOVE,470
SHALL WE GATHER AT THE RIVER?,471
IF THE SKIES ABOVE YOU ARE GRAY,472
MAJESTIC SWEETNESS SITS ENTHRONED,473
SING TO ME OF HEAVEN SING THAT SONG OF PEACE,474
MY HOPE IS BUILT ON NOTHING LESS,475
SING THE MIGHTY CHORUS,476
THE LORD'S OUR ROCK IN HIM WE HIDE,477
STILL STILL WITH THEE WHEN PURPLE MORNING BREAKETH,478
ARE YOU SOWING THE SEED OF THE KINGDOM BROTHER,479
SOLDIERS OF CHRIST ARISE,480
AM I A SOLDIER OF THE CROSS,481
O LAND OF REST FOR THEE I SIGH!,482
STAND UP STAND UP FOR JESUS!,483
SUN OF MY SOUL THOU SAVIOR DEAR,484
SWEET HOUR OF PRAYER! SWEET HOUR OF PRAYER,485
HERE I STAND BESIDE DEATH'S CHILLY WATERS WAITING FOR MY FINAL CALL,486
WHEN THIS PASSING WORLD IS DONE,487
STANDING ON THE PROMISES OF CHRIST MY KING,488
TRYING TO WALK IN THE STEPS OF THE SAVIOR,489
SOME DAY THE SILVER CORD WILL BREAK,490
SWEET IS THE PROMISE 'I WILL NOT FORGET THEE',491
JUDGMENT IS SURELY COMING,492
O LET US LOOK BEYOND THIS LIFE AND HEAVEN SEE,493
I WANDERED IN THE SHADES OF NIGHT,494
OPEN MY EYES THAT I MAY SEE,495
THERE'S A LAND THAT IS FAIRER THAN DAY,496
THERE COMES TO MY HEART ONE SWEET STRAIN,497
OF JESUS' LOVE THAT SOUGHT ME,498
CHRIST WILL ME HIS AID AFFORD,499
TAKE THE NAME OF JESUS WITH YOU,500
TAKE MY LIFE AND LET IT BE,501
ARE YOU WEARY ARE YOU HEAVY-HEARTED?,502
SWIFTLY WE'RE TURNING LIFE'S DAILY PAGES,503
I WANT TO LIVE DEAR LORD FOR THEE,504
TELL ME THE OLD OLD STORY,505
TELL ME THE STORY OF JESUS,506
THEY BOUND THE HANDS OF JESUS IN THE GARDEN WHERE HE PRAYED,507
SOUND THE BATTLE CRY!,508
ONCE MY SOUL WAS ASTRAY FROM THE HEAVENLY WAY,509
HOW SWEET WILL BE THE WELCOME HOME,510
FAITH OF OUR FATHERS! LIVING STILL,512
THE CROSS THAT HE GAVE MAY BE HEAVY,513
I'M IN THE WAY THE BRIGHT AND SHINING WAY,514
BEAUTIFUL LAND OF LIGHT BEAUTIFUL HOME SO BRIGHT,515
THE GREAT PHYSICIAN NOW IS NEAR,516
THE CHURCH'S ONE FOUNDATION,517
THOUGH I THRU THE VALLEY OF SHADOW,518
HOW I LOVE THE GREAT REDEEMER,519
THEY LED MY SAVIOR TO BE TRIED,520
THE SANDS OF TIME ARE SINKING,521
WHEN SORROWS LIKE BILLOWS FLOW OVER MY SOUL,522
MY SOUL IN SAD EXILE WAS OUT ON LIFE'S SEA,523
SOME GOLDEN DAY THE HEART SHALL REAP,524
IF I WALK IN THE PATHWAY OF DUTY,525
FROM ALL THE DARK PLACES,526
THE WHOLE WORLD WAS LOST IN THE DARKNESS OF SIN,527
I HAVE FOUND A FRIEND IN JESUS,528
THE LORD MY SHEPHERD IS,529
THE LORD'S MY SHEPHERD; I'LL NOT WANT,530
THE LORD'S MY SHEPHERD; I'LL NOT WANT,531
THE LORD IS IN HIS HOLY TEMPLE,532
IT THRILLS MY SOUL TO HEAR THE SONGS OF PRAISE,533
THERE WERE NINETY AND NINE THAT SAFELY LAY,534
ON A HILL FAR AWAY STOOD AN OLD RUGGED CROSS,536
ONCE I STOOD IN THE NIGHT WITH MY HEAD BOWED LOW,537
HAVE YOU FAILED IN YOUR PLAN OF YOUR STORM-TOSSED LIFE?,538
THE SPACIOUS FIRMAMENT ON HIGH,539
THERE'S A HOLY AND BEAUTIFUL CITY,540
TARRY WITH ME O MY SAVIOR,541
EARTHLY LIFE IS ONLY ONE SHORT DAY,542
SWEET MOMENT OF PRAYER I TREMBLE,543
WHEN I BEHOLD THY GLORY SHARE,544
THIS WORLD IS NOT MY HOME I'M JUST A PASSING THRU,545
MY GOD AND I GO IN THE FIELD TOGETHER,546
SHINING EV'RY DAY ALL ALONG THE WAY,547
THE SANDS HAVE BEEN WASHED IN THE FOOTPRINTS,548
GO LABOR ON: SPEND AND BE SPENT,549
CHRIST HAS FOR SIN ATONEMENT MADE,550
THE TREASURES OF EARTH ARE NOT MINE,551
I AM LONGING FOR THE COMING OF THE SNOW-WHITE ANGEL BAND,552
SOME DAY BEFORE THE THRONE I'LL STAND,553
WONDERFUL WONDERFUL,554
WHEN ALL THY MERCIES O MY GOD,555
OH WHAT A WONDERFUL WONDERFUL FRIEND,556
THERE IS A FOUNTAIN FILLED WITH BLOOD,557
THERE IS A GATE THAT STANDS AJAR,558
THERE IS A HABITATION,559
THERE'S A WORK FOR EV'RY CHRISTIAN IN THE VINEYARD OF THE LORD,560
THERE IS A SEA WHICH DAY BY DAY,562
WOULD YOU BE FREE FROM THE BURDEN OF SIN?,563
THERE IS SUNSHINE IN MY SOUL TODAY,564
THERE SHALL BE SHOWERS OF BLESSING,565
THERE'S A CROWN FOR YOUR CROSS WHEN THE TEARDROPS THAT STRAY,566
THERE'S A GARDEN WHERE JESUS IS WAITING,567
SUNSET AND EVENING STAR,568
TO OUR REDEEMER'S GLORIOUS NAME,569
TO US A CHILD OF HOPE IS BORN,570
THERE'S A LAND BEYOND THE RIVER,571
SOUL A SAVIOR THOU ART NEEDING,572
I NOW BELIEVE THE SON OF GOD,573
THREAT'NING STORMS AND TEMPESTS MAY SWEEP O'ER MY SOUL,574
THE SAVIOR IS STANDING OUTSIDE THE DOOR,575
SINCE THE LOVE OF GOD HAS SHED PRICELESS BLESSINGS ON MY HEAD,576
THERE'S A ROYAL BANNER GIVEN FOR DISPLAY,577
THERE'S NOT A FRIEND LIKE THE LOWLY JESUS,578
THOU MY EVERLASTING PORTION,579
THIS IS MY FATHER'S WORLD,580
THOU ART THE WAY: TO THEE ALONE,581
AMID THE TRIALS WHICH I MEET,582
THOUGH YOUR SINS BE AS SCARLET,583
TO CANAAN'S LAND I’M ON MY WAY,584
SOME GLAD MORNING WE SHALL SEE JESUS IN THE AIR,585
LORD DISMISS US IN THY CARE,586
TIS SO SWEET TO TRUST IN JESUS,587
TIS SET THE FEAST DIVINE,588
TO CHRIST BE LOYAL AND BE TRUE,589
TIS THE BLESSED HOUR OF PRAYER WHEN OUR HEARTS LOWLY BEND,590
TIS MIDNIGHT AND ON OLIVE'S BROW,591
TO THE WORK! TO THE WORK!,593
TRUE-HEARTED WHOLE-HEARTED FAITHFUL AND LOYAL,594
BETHLEHEM IN BETHLEHEM,595
I HEARD AN OLD OLD STORY,596
LET THE BEAUTY OF JESUS BE SEEN IN ME,597
AS I JOURNEY HERE MID THE TOIL AND TEARS,598
O HOW SWEET 'TWILL BE TO MEET THE LORD,599
LIKE A LAMP UNTO YOUR FEET,600
O THE ROCK! 'TIS A CLEFT AND A STRONG SURE DEFENSE,601
UNTO THE HILLS AROUND DO I LIFT UP,602
WALKING ALONE AT EVE AND VIEWING THE SKIES AFAR,603
WERE YOU THERE WHEN THEY CRUCIFIED MY LORD?,604
I'M GOING SOMEDAY TO YONDER FAIR LAND,605
O THE UNSEARCHABLE RICHES OF CHRIST!,606
ALL ALONG ON THE ROAD TO THE SOUL'S TRUE ABODE,607
GRACE! 'TIS A CHARMING SOUND,608
WASHED IN THE BLOOD OF CALVARY,609
WATCHMAN TELL US OF THE NIGHT,610
WE GIVE THEE BUT THINE OWN,611
NEARER THE CROSS MY HEART CAN SAY,612
WE ARE GOING DOWN THE VALLEY ONE BY ONE,613
WILL YOUR ANCHOR HOLD IN THE STORMS OF LIFE,614
WE HAVE HEARD THE JOYFUL SOUND,615
WE SAW THEE NOT WHEN THOU DIDST COME,616
THO' THE WAY WE JOURNEY MAY BE OFTEN DREAR,617
HOW OUR HEARTS ACHE WITH GRIEF AS WE SAY GOODBY,618
THE HEAD THAT ONCE WAS CROWNED WITH THORNS,620
WELCOME DELIGHTFUL MORN,621
UP CALV'RY'S MOUNTAIN ONE DREADFUL MORN,622
WHAT A FRIEND WE HAVE IN JESUS,623
WHEN THE SAVIOR COMES FOR HIS CHOSEN ONES,624
WHEN FRIENDS OF YORE WE MEET ONCE MORE,625
THERE'S A LIGHT 'LONG THE PATHWAY IT'S GUIDING ME HOME,626
ONCE I WAS STRAYING IN SIN'S DARK VALLEY,627
RING THE BELLS OF HEAVEN! THERE IS JOY TODAY,628
JESUS THE LORD LAID HIS GLORY ASIDE,629
WHEN ALL MY LABORS AND TRIALS ARE O'ER,630
WHAT A SONG OF DELIGHT IN THAT CITY SO BRIGHT,632
WHEN I SURVEY THE WONDROUS CROSS,633
WHEN MY LOVE TO CHRIST GROWS WEAK,634
WE LIVE IN A CHANGING WORLD,635
WHEN JESUS COMES AGAIN TO GATHER HIS OWN,636
TRIALS DARK ON EV'RY HAND AND WE CANNOT UNDERSTAND,637
WHEN THE TRUMPET OF THE LORD SHALL SOUND AND TIME SHALL BE NO MORE,638
WE ARE GOING HOME TO REST,639
NOBODY KNOWS BUT JESUS,641
SWEET ARE THE PROMISES,642
WHEN UPON LIFE'S BILLOWS YOU ARE TEMPEST-TOSSED,643
SOFT AS THE VOICE OF AN ANGEL,644
I HEARD THE VOICE OF JESUS SAY,645
JUST A FEW MORE DAYS TO BE FILLED WITH PRAISE,646
I AM HAPPY TODAY AND THE SUN SHINES BRIGHT,647
LOVE SENT MY SAVIOR TO DIE IN MY STEAD,648
MINE EYES HAVE SEEN THE GLORY OF THE COMING OF THE LORD,649
THERE'S A WONDERFUL PLACE WE CALL HOME,650
WONDERFUL GRACE OF JESUS,651
OVER THE RIVER SHINING FOREVER,652
WONDERFUL JESUS! GLORIOUS FRIEND!,653
I MET HIM ONE DAY ON A LONELY ROAD,654
WONDERFUL STORY OF LOVE,655
WORTHY OF PRAISE IS CHRIST OUR REDEEMER,656
WHEN WITH THE SAVIOR WE ENTER THE GLORY-LAND,657
JESUS THE SAVIOR CAME DOWN FROM ABOVE,658
IF THE NAME OF THE SAVIOR IS PRECIOUS TO YOU,659
IF YOU COULD SEE CHRIST STANDING HERE TONIGHT,660
OH CHRISTIAN DO NOT HIDE YOUR LIGHT!,661
YEARS I SPENT IN VANITY AND PRIDE,662
WHEN IN THE BETTER LAND BEFORE THE BAR WE STAND,663
YES FOR ME FOR ME HE CARETH,664
DOES JESUS CARE WHEN MY HEART IS PAINED,665
JUDGMENT DAY IS COMING BROTHER GET READY NOW,666
THE VOICE OF THE SAVIOR SAYS COME,667
COME TO JESUS! HE WILL SAVE YOU,668
LET THE WORDS OF MY MOUTH AND THE MEDITATION OF MY HEART,669
HAVE YOU BEEN WASHED IN THE CRIMSON FLOW,670
ALL THINGS ARE READY COME TO THE FEAST!,671
O THERE IS A TIME WHEN THE MESSAGE WILL COME,672
GOD IS CALLING THE PRODIGAL: COME WITHOUT DELAY,673
HAVE YOU BEEN TO JESUS FOR THE CLEANSING POW'R?,674
I AM RESOLVED NO LONGER TO LINGER,675
I AM COMING TO THE CROSS,676
I HEAR THY WELCOME VOICE,677
I AM WEAK BUT THOU ART STRONG,678
JESUS IS CALLING FOR YOU TODAY,679
OFTEN I'M HINDERED ON MY WAY,680
JUST AS I AM! WITHOUT ONE PLEA,681
WOULD YOU LIVE FOR JESUS AND BE ALWAYS PURE AND GOOD?,683
IF YOU ARE TIRED OF THE LOAD OF YOUR SIN,684
I'VE WANDERED FAR AWAY FROM GOD,685
O DO NOT LET THE WORD DEPART,686
HEAR THE SWEET VOICE OF JESUS SAY,687
WHISPER A PRAYER IN THE MORNING,688
OUT OF MY BONDAGE SORROW AND NIGHT,689
SINNERS JESUS WILL RECEIVE,691
SOFTLY AND TENDERLY JESUS IS CALLING,692
THERE IS MUCH TO DO THERE'S WORK ON EV'RY HAND,693
TO THE HARVEST FIELDS I WILL GLADLY GO,694
THERE'S A FOUNTAIN FREE 'TIS FOR YOU AND ME,696
LORD SPEAK TO ME THAT I MAY SPEAK,697
LORD JESUS I LONG TO BE PERFECTLY WHOLE,698
THERE'S A STRANGER AT THE DOOR,700
THERE STANDS A ROCK ON SHORES OF TIME,701
WHEN WE WALK WITH THE LORD,702
WATCH AND PRAY FOR THE LORD IS COMING,703
WHEN WE IN THE JUDGMENT STAND,704
WHO WILL FOLLOW JESUS,705
WHY KEEP JESUS WAITING?,707
SING THE WONDROUS LOVE OF JESUS,708
WHILE WE PRAY AND WHILE WE PLEAD,709
I CAN HEAR MY SAVIOR CALLING,710
I WAS ON THE DOWNWARD WAY WEARY WORN AND SAD,711
WHAT WILL YOU DO WITH JESUS?,712
THE LOVE OF GOD IS GREATER FAR,713
SOME DAY YOU'LL STAND AT THE BAR ON HIGH,714
WILL YOU COME WILL YOU COME WITH YOUR POOR BROKEN HEART,715
O ZION HASTE THY MISSION HIGH FULFILLING,716
FATHER IN THE MORNING,717
WHO AT THE DOOR IS STANDING,718
WHY DID MY SAVIOR COME TO EARTH,720
WHEN JESUS COMES TO REWARD HIS SERVANTS,721
SING THEM OVER AGAIN TO ME,723
YIELD NOT TO TEMPTATION,724
MORE LOVE TO THEE O CHRIST,725
WHILE JESUS WHISPERS TO YOU,726
SING ME A SONG ABOUT JESUS,727
THERE IS BEYOND THE AZURE BLUE,728b
UNDER HIS WINGS I AM SAFELY ABIDING,729
HE TOOK MY BURDENS ALL AWAY UP TO A BRIGHTER DAY,730
I DON'T KNOW ABOUT YOU MY FRIEND,731
WHAT A GLAD THO'T SOME WONDERFUL MORNING,733
