HYMN TITLE,Hymn
THE CHURCH OF CHRIST FOLLOWS CHRIST'S WORD,1
COME WE THAT LOVE THE LORD,2
UPON THE FIRST DAY OF THE WEEK,3
I AM THINE O LORD I HAVE HEARD THY VOICE,4
WORTHY OF PRAISE IS CHRIST OUR REDEEMER,5
THO THE WAY WE JOURNEY MAY BE OFTEN DREAR,6
WHEN THE SAVIOR COMES FOR HIS CHOSEN ONES,7
JESUS COMES WITH POW'R TO GLADDEN,8
OFT WE COME TOGETHER,9
TO THE HARVEST FIELDS I WILL GLADLY GO,10
PRAISE HIM! PRAISE HIM! JESUS OUR BLESSED REDEEMER,11
SING ON YE JOYFUL PILGRIMS,12
SING THEM OVER AGAIN TO ME,13
I'M PRESSING ON THE UPWARD WAY,14
I AM HAPPY TODAY AND THE SUN SHINES BRIGHT,15
WE ARE MARCHING TO ETERNITY,16
WE PRAISE THEE O GOD! FOR THE SON OF THY LOVE,17
ALL HAIL THE POW'R OF JESUS' NAME (DIADEM),18
ALL HAIL THE POW'R OF JESUS' NAME,19
SOFTLY NOW THE liGHT OF DAY,20
SAFELY THRU ANOTHER WEEK,21
I WILL SING THE WONDROUS STORY,22
SWEET HOUR OF PRAYER! SWEET HOUR OF PRAYER!,23
TIS THE BLESSED HOUR OF PRAY'R WHEN OUR HEARTS LOWLY BEND,24
THERE'S A GARDEN WHERE JESUS IS WAITING,25
I COME TO THE GARDEN ALONE,26
BE WITH ME LORD I CANNOT liVE WITHOUT THEE,27
MY JESUS I LOVE THEE I KNOW THOU ART MINE,28
SAVIOR MORE THAN liFE TO ME,29
THE WORLD HAS LOST THE RIGHT OF PRAYER,30
WATCH AND PRAY FOR THE LORD IS COMING,31
IN THE BIBLE WE READ OF A BEAUTIFUL PRAY'R,32
MY FAITH LOOKS UP TO THEE,33
THERE IS REST SWEET REST AT THE MASTER'S FEET,34
IF I HAVE WOUNDED ANY SOUL TODAY,35
THOU MY EVERLASTING PORTION,36
CLOSER TO THEE NEAR TO THY SIDE,37
I WOULD BE TRUE FOR THERE ARE THOSE WHO TRUST ME,38
HAVE THINE AFFECTIONS BEEN NAILED TO THE CROSS?,39
GUIDE ME O THOU GREAT JEHOVAH,40
NOT ALL EARTH'S GOLD AND SILVER,41
FATHER IN THE MORNING,42
MORE ABOUT JESUS WOULD I KNOW,43
MORE HOliNESS GIVE ME,44
MORE LOVE TO THEE O CHRIST,45
JESUS KEEP ME NEAR THE CROSS,46
THERE'S NOT A FRIEND liKE THE LOWLY JESUS,47
MAN OF SORROWS! WHAT A NAME,48
KNEEL AT THE CROSS,49
HE LEADETH ME! O BLESSED THO'T!,50
BREAK THOU THE BREAD OF liFE,51
I NEED THEE EV'RY HOUR,52
PURER IN HEART O GOD,53
ERE YOU LEFT YOUR ROOM THIS MORNING,54
TAKE TIME TO BE HOLY,55
NEARER MY GOD TO THEE,56
MY JESUS AS THOU WILT!,57
HEAR ME NOW O GENTLE SAVIOR,58
HOLY HOLY HOLY! LORD GOD ALMIGHTY,59
HOLD THOU MY HAND SO WEAK I AM AND HELPLESS,60
SITTING AT THE FEET OF JESUS,61
WHEN MY WAY GROWETH DREAR PRECIOUS LORD liNGER NEAR,62
WHAT A FRIEND WE HAVE IN JESUS,63
YES FOR ME FOR ME HE CARETH,64
OPEN MY EYES THAT I MAY SEE,65
ALL PEOPLE THAT ON EARTH DO DWELL,66
PRAISE GOD FROM WHOM ALL BLESSINGS FLOW,67
WHEN UPON liFE'S BILLOWS YOU ARE TEMPEST TOSSED,68
PRAISE THE LORD YE HEAV'NS ADORE HIM,69
MY LORD HAS GARMENTS SO WONDROUS FINE,70
THE LORD IS MY SHEPHERD MY JOY AND MY SONG,71
THE LORD MY SHEPHERD IS,72
THE LORD'S MY SHEPHERD I'LL NOT WANT,73
THE LORD'S MY SHEPHERD I'LL NOT WANT (CRIMOND),74
THE LAW OF THE LORD IS PERFECT,75
UNSPOTTED IS THE FEAR OF GOD,76
HALLELUJAH PRAISE JEHOVAH!,77
HARK! THE GENTLE VOICE OF JESUS FALLETH,78
HAVE YOU liFTED A STONE FROM YOUR BROTHER'S WAY,79
THERE IS ROOM IN THE KINGDOM OF GOD MY BROTHER,80
THERE IS MUCH TO DO THERE'S WORK ON EV'RY HAND,81
DO NOT WAIT UNTIL SOME DEED OF GREATNESS YOU MAY DO,82
SOMEBODY DID A GOLDEN DEED,83
HAVE THINE OWN WAY LORD,84
O WOULD YOU BE A BLESSING TRUE,85
O YE CHRISTIAN SOLDIERS AS YOU MARCH ALONG,86
O CHRISTIAN DO NOT HIDE YOUR liGHT,87
ARE YOU CHRIST'S liGHT BEARER?,88
IF THE NAME OF THE SAVIOR IS PRECIOUS TO YOU,89
SWIFTLY WE'RE TURNING liFE'S DAILY PAGES,90
THERE IS A WONDERFUL STORY TO TELL,91
WHEN IN THAT BETTER LAND BEFORE THE BAR WE STAND,92
I WANT TO BE A SOUL WINNER FOR JESUS,93
THO' YOUR HEART MAY BE HEAVY WITH SORROW AND CARE,94
IF I WALK IN THE PATHWAY OF DUTY,95
IS YOUR liFE A CHANNEL OF BLESSING?,96
GIVE OF YOUR BEST TO THE MASTER,97
ALL TO JESUS I SURRENDER,98
MY liFE MY LOVE I GIVE TO THEE,99
TAKE MY liFE AND LET IT BE,100
liVE FOR JESUS O MY BROTHER,101
liVING FOR JESUS A liFE THAT IS TRUE,102
EACH DAY I'LL DO A GOLDEN DEED,103
I HAVE A SAVIOR HE'S PLEADING IN GLORY,104
LOOK ALL AROUND YOU FIND SOMEONE IN NEED,105
THERE ARE LONELY HEARTS TO CHERISH,106
STAND NO LONGER IDLE HEED THE CALL,107
FAR AND NEAR THE FIELDS ARE TEEMING,108
GO IN EARLY MORNING INTO THE HARVEST WHITE,109
READY TO SUFFER GRIEF OR PAIN,110
YIELD NOT TO TEMPTATION,111
ANGRY WORDS O LET THEM NEVER,112
TO THE WORK! TO THE WORK! WE ARE SERVANTS OF GOD,113
I WANT TO BE A WORKER FOR THE LORD,114
O LAND OF REST FOR THEE I SIGH,115
WORK FOR THE NIGHT IS COMING,116
I AM CliNGING TO THE ROCK BLESSED SAVING ROCK,117
THE LORD'S OUR ROCK IN HIM WE HIDE,118
ROCK OF AGES CLEFT FOR ME,119
MY HOPE IS BUILT ON NOTHING LESS,120
THERE IS A ROCK IN A WEARY LAND,121
THERE STANDS A ROCK ON SHORES OF TIME,122
MIGHTY ROCK WHOSE TOW'RING FORM,123
WHEN THE STORMS OF liFE ARE RAGING,124
O SAFE TO THE ROCK THAT IS HIGHER THAN I,125
O SOMETIMES THE SHADOWS ARE DEEP,126
A WONDERFUL SAVIOR IS JESUS MY LORD,127
ONCE I WAS STRAYING IN SIN'S DARK VALLEY,128
WONDERFUL JESUS! GLORIOUS FRIEND!,129
I MET HIM ONE DAY ON A LONELY ROAD,130
JESUS ROSE OF SHARON BLOOM WITHIN MY HEART,131
JESUS AND SHALL IT EVER BE,132
JESUS MEEK AND GENTLE,133
O FOR A THOUSAND TONGUES TO SING,134
SO TENDER SO PRECIOUS MY SAVIOR TO ME,135
ALAS AND DID MY SAVIOR BLEED?,136
THE NAME OF JESUS IS SO SWEET,137
MORE liKE THE MASTER I WOULD EVER BE,138
I NEED JESUS MY NEED I NOW CONFESS,139
JUST WHEN I NEED HIM JESUS IS NEAR,140
I WOULD LOVE TO TELL YOU WHAT I THINK OF JESUS,141
THE WORLD ALL ABOUT ME HAS NOW NO ALLURE,142
I WILL TELL THE LOVE OF JESUS,143
NEARER STILL NEARER CLOSE TO THY HEART,144
GONE IS ALL MY DEBT OF SIN,145
O liSTEN TO OUR WONDROUS STORY,146
AS I TRAVEL THRU THIS PILGRIM LAND,147
I HOLD TO THE HAND OF MY SAVIOR AND FRIEND,148
ONCE FROM MY POOR SIN SICK SOUL,149
MEN STRIVE FOR THE WEALTH OF THIS WIDE WICKED WORLD,150
SUN OF MY SOUL THOU SAVIOR DEAR,151
OUR SAVIOR ONCE WANDERED ON EARTH AS A MAN,152
NOBODY KNOWS BUT JESUS,153
I SERVE A RISEN SAVIOR HE'S IN THE WORLD TODAY,154
LOW IN THE GRAVE HE LAY,155
I AM SO HAPPY IN CHRIST TODAY,156
THERE'S WITHIN MY HEART A MELODY,157
IN LOVING KINDNESS JESUS CAME,158
I WAS LOST IN SIN BUT JESUS RESCUED ME,159
THERE IS A FOUNTAIN FILLED WITH BLOOD,160
I AM THE VINE AND YE ARE THE BRANCHES,161
MY SAVIOR DEAR I LOVE THEE O I LOVE THEE,162
THERE IS A PLACE OF QUIET REST,163
O MASTER LET ME WALK WITH THEE,164
SAVIOR liKE A SHEPHERD LEAD US,165
JESUS IS OUR LOVING SHEPHERD,166
JESUS THE LOVING SHEPHERD,167
SAVIOR LEAD ME LEST I STRAY,168
liKE A SHEPHERD TENDER TRUE JESUS LEADS,169
ALL THE WAY MY SAVIOR LEADS ME,170
SEE! THE MONARCH OF MONARCHS,171
O THE PRECIOUS LOVE OF JESUS,172
ALL DAY LONG OF JESUS I AM SINGING,173
IN SORROW I WANDERED MY SPIRIT OPPREST,174
I AM A STRANGER HERE WITHIN A FOREIGN LAND,175
STANDING ON THE PROMISES OF CHRIST MY KING,176
I AM WEAK BUT THOU ART STRONG,177
O FOR A CLOSER WALK WITH GOD,178
WHEN I SURVEY THE WONDROUS CROSS,179
liKE A LAMP UNTO YOUR FEET,180
WALK IN THE liGHT! SO SHALT THOU KNOW,181
TRYING TO WALK IN THE STEPS OF THE SAVIOR,182
ARE YOU WALKING IN HIS FOOTSTEPS,183
JESUS SAVIOR PILOT ME,184
WHO WILL FOLLOW JESUS,185
DOWN IN THE VALLEY WITH MY SAVIOR I WOULD GO,186
I'VE HEARD MY SAVIOR CALliNG,187
SWEET ARE THE PROMISES,188
I'VE HEARD OF A LAND OF JOY AND PEACE AND WONDERFUL liGHT,189
WHAT A FELLOWSHIP WHAT A JOY DIVINE,190
IT MAY BE ON THE MOUNTAIN'S HEIGHT,191
ANYWHERE WITH JESUS I CAN SAFELY GO,192
IT MAY BE IN THE VALLEY WHERE COUNTLESS DANGERS HIDE,193
COME FROM THE LOATHSOME WAY OF SIN,194
SWEETLY LORD HAVE WE HEARD THEE CALliNG,195
DOWN AT THE CROSS WHERE MY SAVIOR DIED,196
WHAT CAN WASH AWAY MY SIN?,197
WOULD YOU BE FREE FROM THE BURDEN OF SIN?,198
WOULD YOU liVE FOR JESUS AND BE ALWAYS PURE AND GOOD,199
CHRIST OUR REDEEMER DIED ON THE CROSS,200
IN THY FIELD I WOULD WIELD SICKLES BRAVE AND TRUE,201
EARTHLY WEALTH AND FAME,202
I'VE FOUND A FRIEND O SUCH A FRIEND,203
JESUS IS ALL THE WORLD TO ME,204
THIS liFE IS FILLED WITH SORROW AND TROUBLES HERE BELOW,205
O SAVIOR MINE SO FULL SO FREE,206
I HAVE FOUND A FRIEND IN JESUS HE'S EV'RYTHING TO ME,207
THEY TRIED MY LORD AND MASTER,208
I LOVE THY KINGDOM LORD,209
ONE STEP AT A TIME DEAR SAVIOR,210
BE STRONG IN THE FAITH MY BROTHER,211
GOD'S FAMILY IS HIS CHURCH DIVINE,212
THE CHURCH'S ONE FOUNDATION,213
HOW FIRM A FOUNDATION YE SAINTS OF THE LORD,214
A CHARGE TO KEEP I HAVE,215
A MIGHTY FORTRESS IS OUR GOD,216
HOW BLEST AND HOW JOYOUS WILL BE THE GLAD DAY,217
THE KINGDOMS OF EARTH PASS AWAY ONE BY ONE,218
THERE'S A ROYAL BANNER GIVEN FOR DISPLAY,219
ONWARD CHRISTIAN SOLDIERS,220
THE FIGHT IS ON THE TRUMPET SOUND IS RINGING OUT,221
FAITH OF OUR FATHERS! liVING STILL,222
SOUND THE BATTLE CRY!,223
AM I A SOLDIER OF THE CROSS?,224
SOLDIERS OF CHRIST ARISE,225
STAND FAST IN FAITH OF CHRIST,226
STAND UP STAND UP FOR JESUS,227
PRESSING THE BATTLE IN JESUS' NAME,228
I HEARD AN OLD OLD STORY,229
LET THE BEAUTY OF JESUS BE SEEN IN ME,230
ENCAMPED ALONG THE HILLS OF liGHT,231
I WANT TO liVE DEAR LORD FOR THEE,232
I AM SO GLAD SALVATION'S FREE TO ALL WHO WILL RECEIVE IT,233
HO MY COMRADES! SEE THE SIGNAL,234
IF THE WORLD FROM YOU WITHHOLD OF ITS SILVER AND ITS GOLD,235
SOUL ARE YOU WEARY OF liFE'S HEAVY LOAD?,236
IS THERE HEAVY WEIGHT OF CARE,237
GO TO JESUS FOR REST WHEN YOUR SOUL IS DISTRESSED,238
PEACE PERFECT PEACE IN THIS DARK WORLD OF SIN?,239
ARE YOU WEARY ARE YOU HEAVY HEARTED?,240
I MUST TELL JESUS ALL OF MY TRIALS,241
DYING WITH JESUS BY DEATH RECKONED MINE,242
I COUNT IT ALL JOY TO SUFFER FOR HIM,243
WHEN I NEED SOMEONE IN TIME OF GRIEF,244
ONLY IN THEE O SAVIOR MINE,245
I WILL SING OF MY REDEEMER,246
I KNOW THAT MY REDEEMER liVES,247
I KNOW THAT MY REDEEMER liVES,248
I KNOW THAT MY REDEEMER liVETH,249
HOW I LOVE THE GREAT REDEEMER,250
SWEET IS THE PROMISE I WILL NOT FORGET THEE,251
REDEEMED HOW I LOVE TO PROCLAIM IT,252
SWEET IS THE SONG I AM SINGING TODAY,253
MID THE TOIL AND STRIFE OF THIS BUSY liFE,254
O TO BE liKE THEE! BLESSED REDEEMER,255
COME LET US ALL UNITE TO SING,256
AMAZING GRACE HOW SWEET THE SOUND,257
JESUS LOVER OF MY SOUL,258
JESUS LOVER OF MY SOUL,259
LOVE DIVINE ALL LOVE EXCELliNG,260
I WAS SINKING DEEP IN SIN,261
JESUS MY HEAV'NLY KING LOVES ME I KNOW,262
JESUS CAME TO GIVE ME liFE SET ME FREE FROM SIN AND STRIFE,263
THO DARK AND DREARY BE liFE'S WAY,264
O LOVE THAT WILT NOT LET ME GO,265
SINCE THE LOVE OF GOD HAS SHED PRICELESS BLESSINGS ON MY HEAD,266
THE LOVE OF GOD IS GREATER FAR,267
INTO THE HEART OF JESUS DEEPER AND DEEPER I GO,268
IT WAS MATCHLESS LOVE THAT FOUND ME,269
SAVIOR TEACH ME DAY BY DAY,270
IN VAIN IN HIGH AND HOLY LAYS,271
HOW SWEET THE NAME OF JESUS SOUNDS,272
THERE IS A NAME I LOVE TO HEAR,273
I AM SO GLAD THAT OUR FATHER IN HEAV'N,274
JESUS LOVES ME! THIS I KNOW,274A
WHAT DO I OWE UNTO MY LORD,275
WONDERFUL STORY OF LOVE,276
I LOVE TO TELL THE STORY,277
TELL ME THE STORY OF JESUS,278
TELL ME THE OLD OLD STORY,279
ONCE MORE I MUST TELL THE OLD STORY TO YOU,280
PRECIOUS FOREVER! O WONDERFUL WORDS,281
THERE'S A MESSAGE TRUE AND GLAD,282
SAVIOR BREATHE AN EVENING BLESSING,283
THERE'S A STORY THAT IS OLD,284
LET ME HEAR THE VOICE OF JESUS,285
TIS MIDNIGHT AND ON OliVE'S BROW,286
WHEN WE MEET IN SWEET COMMUNION,287
THAT DREADFUL NIGHT BEFORE HIS DEATH,288
DEAR LORD WE BREAK THE BREAD,289
TIS SWEET TO REMEMBER THE LOVE OF MY LORD,290
SAVIOR THY DYING LOVE,291
TILL HE COME: O LET THE WORDS,292
NIGHT WITH EBON PINION,293
BY CHRIST REDEEMED IN CHRIST RESTORED,294
ON THIS LORD'S DAY WE ASSEMBLE,295
IN REMEMBRANCE OF ME EAT THE UNLEAVENED BREAD,296
WHEN MY LOVE TO CHRIST GROWS WEAK,297
JESUS CALLS US O'ER THE TUMULT,298
KING OF MY liFE I CROWN THEE NOW,299
MUST JESUS BEAR THE CROSS ALONE,300
WHY DID MY SAVIOR COME TO EARTH,301
O THE DEPTH AND THE RICHES OF GOD'S SAVING GRACE,302
I STAND AMAZED IN THE PRESENCE,303
LOVE SENT MY SAVIOR TO DIE IN MY STEAD,304
CHRIST JESUS MY LORD FROM HEAVEN CAME,305
ONE DAY WHEN HEAVEN WAS FILLED WITH HIS PRAISES,306
ALONE CHRIST STOOD IN PILATE'S HALL,307
ON CALVARY'S BROW MY SAVIOR DIED,308
ON THE CROSS OF CALVARY,309
ON A HILLSIDE SO LONELY,310
O WHAT WONDROUS LOVE I SEE,311
IN THE GARDEN SORE OPPRESSED,312
WE SAW THEE NOT WHEN THOU DIDST COME,313
LOOKING BACK THRU THE YEARS I CAN SEE MY DEAR LORD,314
ON THE CROSS OF CALVARY OUR BLESSED SAVIOR DIED,315
THERE WAS ONE WHO WAS WILliNG TO DIE IN MY STEAD,316
THE HAND THAT WAS NAILED TO THE CROSS OF WOE,317
NEARER THE CROSS MY HEART CAN SAY,318
IN THE CROSS OF CHRIST I GLORY,319
AS WE JOURNEY ON T'WARD HEAVEN'S SHINING GOAL,320
ALAS AND DID MY SAVIOR BLEED,321
ON A HILL FAR AWAY STOOD AN OLD RUGGED CROSS,322
FROM THE CROSS OF CHRIST UPliFTED,323
THE CROSS THAT HE GAVE MAY BE HEAVY,324
THERE'S A CROWN FOR YOUR CROSS WHEN THE TEARDROPS THAT STRAY,325
LOOK AWAY FROM THE CROSS TO THE GliTTERING CROWN,326
TRUE HEARTED WHOLE HEARTED FAITHFUL AND LOYAL,327
BENEATH THE CROSS OF JESUS,328
I'M SEEKING THE COUNTRY WHERE JESUS HAS GONE,329
THO MY CROSS MAY BE HARD TO BEAR,330
O MY PRECIOUS LOVING SAVIOR,331
TO CHRIST BE LOYAL AND BE TRUE,332
MY FATHER IS RICH IN HOUSES AND LANDS,333
ZION'S CALL SWEETLY RINGS OVER LAND AND SEA,334
IT MAY BE AT MORN WHEN THE DAY IS AWAKING,335
THERE'S A GREAT DAY COMING A GREAT DAY COMING,336
AT THE SOUNDING OF THE TRUMPET WHEN THE SAINTS ARE GATHERED HOME,337
I KNOW NOT WHY GOD'S WONDROUS GRACE,338
O TROUBLED HEART THERE IS A HOME,339
WE WAIT THE COMING OF THE LORD,340
WHEN THE WAITING TIME IS OVER,341
O HOW SWEET 'TWILL BE TO MEET THE LORD,342
IT WON'T BE VERY LONG TILL THIS SHORT liFE SHALL END,343
THIS liFE WILL END SOME FUTURE DAY,344
WHEN THE TRUMPET OF THE LORD SHALL SOUND AND TIME SHALL BE NO MORE,345
TIME IS FILLED WITH SWIFT TRANSITION,346
THERE WILL COME A GLAD DAY IN THE SWEET BY AND BY,347
ONWARD REJOICING I TREAD liFE'S WAY,348
WHEN MY WORK ON EARTH IS ENDED,349
MY LATEST SUN IS SINKING FAST,350
TIS A SWEET AND GLOR'OUS THO'T THAT COMES TO ME,351
WHEN THE SAVIOR CALLS I WILL ANSWER,352
WHEN THE TRUMPET SHALL SOUND,353
WHEN DAYS OF TOIL HAVE ALL GONE BY,354
EARTH HOLDS NO TREASURES BUT PERISH WITH USING,355
WHEN WITH THE SAVIOR WE ENTER THE GLORY LAND,356
WE READ OF A PLACE THAT'S CALLED HEAVEN,357
SING THE WONDROUS LOVE OF JESUS,358
O THINK OF THE HOME OVER THERE,359
THERE IS A HOME ETERNAL,360
THIS WORLD IS NOT MY HOME I'M JUST A PASSING THRU,361
SOON THE TOILS OF liFE WILL CEASE,362
I HAVE HEARD OF THE JOY OF THE SOUL'S SWEET HOME,363
BEAUTIFUL ZION BUILT ABOVE,364
IF FOR THE PRIZE WE HAVE STRIVEN,365
IS IT FOR ME DEAR SAVIOR,366
I WILL SING YOU A SONG OF THAT BEAUTIFUL LAND,367
WHEN THE SHADES OF NIGHT ARE FALliNG,368
HOW SWEET WILL BE THE WELCOME HOME,369
UP TO THE BEAUTIFUL GIVER OF liFE,370
WHAT A SONG OF DEliGHT IN THAT CITY SO BRIGHT,371
MY BROTHER AWAKE AND SING THE SWEET STORY,372
THERE'S A BEAUTIFUL HOME BEYOND THE DARK RIVER,373
I'VE HEARD OF A BEAUTIFUL CITY ABOVE,374
OFTEN I'VE HEARD OF HEAVEN WONDERFUL COUNTRY SOMEWHERE,375
SOMEWHERE THE SUN IS SHINING,376
BEAUTIFUL ROBES SO WHITE,377
SIMPLY TRUSTING EV'RY DAY,378
FACE TO FACE WITH CHRIST MY SAVIOR,379
OVER THE RIVER SHINING FOREVER,380
THERE'S A WONDERFUL PLACE WE CALL HOME,381
THERE'S A HOLY AND BEAUTIFUL CITY,382
LORD I HAVE STARTED TO WALK IN THE liGHT,383
I HAVE HEARD OF A LAND ON THE FAR AWAY STRAND,384
I HAVE HEARD OF A LAND,385
WHEN MY SOUL IS SINGING IN THAT PROMISED LAND ABOVE,386
BEYOND THIS LAND OF PARTING LOSING AND LEAVING,387
I AM LONGING FOR THE COMING OF THE SNOW WHITE ANGEL BAND,388
I AM GOING TO A CITY,389
SOMETIME THE SHADOWS WILL BE GONE,390
THERE'S A GARDEN OF EDEN IN GLORY,391
HERE I LABOR AND TOIL AS I LOOK FOR A HOME,392
I'M SATISFIED WITH JUST A COTTAGE BELOW,393
THERE'S A BEAUTIFUL PLACE CALLED HEAVEN,394
I'LL REACH THE LAND OF CORN AND WINE,395
I WILL LEAVE THIS LAND OF BONDAGE WITH ITS EARTHLY TREASURES,396
PRECIOUS MEM'RIES UNSEEN ANGELS,397
THERE'S A HAPPY LAND OF PROMISE OVER IN THE GREAT BEYOND,398
THERE'S A LAND THAT IS FAIRER THAN DAY,399
AS DAY BY DAY I JOURNEY,400
HERE WE ARE BUT STRAYING PILGRIMS,401
WHEN WE REACH THAT HOME AND LAY OUR BURDENS DOWN,402
NO TEARS IN HEAVEN NO SORROWS GIVEN,403
THERE'LL BE NO DARK SHADOWS IN HEAVEN,404
THERE'S NO DISAPPOINTMENT IN HEAVEN,405
SAVIOR GRANT ME REST AND PEACE,406
IN THE LAND OF FADELESS DAY,407
O THEY TELL ME OF A HOME FAR BEYOND THE SKIES,408
WHEN MY EARTHLY DAY IS WANING,409
THE NIGHT IS FAST PASSING,410
THE SANDS HAVE BEEN WASHED IN THE FOOTPRINTS,411
THERE ARE liGHTS BY THE SHORE OF THAT COUNTRY,412
AFTER THE liFE PATHS WE'RE TREADING,413
SHALL WE GATHER AT THE RIVER,414
SHALL WE MEET BEYOND THE RIVER,415
JUST OVER THE RIVER JUST OVER THE RIVER,416
FROM EV'RY STORMY WIND THAT BLOWS,417
SOON THIS liFE WILL ALL BE OVER,418
SAVED ONES IN GLORY ARE WAITING FOR ME,419
INSIDE THE GATES OF HOME SWEET HOME,420
JUST A FEW MORE DAYS TO BE FILLED WITH PRAISE,421
WHEN THE TOILS OF EARTH ARE O'ER,422
DARKNESS IS FALliNG THE NIGHT DRAWETH NIGH,423
BEYOND THE SUNSET'S RADIANT GLOW,424
BEYOND THE SUNSET O BliSSFUL MORNING,425
GOD'S TOMORROW IS A DAY OF GLADNESS,426
WHEN COMES TO THE WEARY A BLESSED RELEASE,427
WHEN I SHALL COME TO THE END OF MY WAY,428
WHEN ALL MY LABORS AND TRIALS ARE O'ER,429
I HAVE A HOME IN A FAIR SUMMERLAND,430
WE ARE GOING HOME TO REST,431
TO CANAAN'S LAND I'M ON MY WAY,432
IN THE CHRISTIAN'S HOME IN GLORY,433
LOOKING TO THEE FROM DAY TO DAY,434
BEAUTIFUL VALLEY OF EDEN!,435
AS I TRAVEL THRU liFE WITH ITS TROUBLE AND STRIFE,436
liVING BELOW IN THIS OLD SINFUL WORLD,437
WE ARE GOING DOWN THE VALLEY ONE BY ONE,438
WHEN MY LATEST SUN SHALL SET,439
I AM THINKING TODAY OF THAT BEAUTIFUL LAND,440
ON THE HAPPY GOLDEN SHORE WHERE THE FAITHFUL PART NO MORE,441
ANGELS ARE SINGING REDEMPTION'S SWEET SONG,442
TAKE THE WORLD BUT GIVE ME JESUS,443
SING TO ME OF HEAVEN SING THAT SONG OF PEACE,444
THERE IS A HABITATION,445
THO I'M BUT A PILGRIM MY FORTUNE IS GREAT,446
THE TREASURES OF EARTH ARE NOT MINE,447
O THE UNSEARCHABLE RICHES OF CHRIST,448
JESUS CHRIST THE BLESSED LAMB,449
WALKING ALONE AT EVE AND VIEWING THE SKIES AFAR,450
THERE IS A SEA WHICH DAY BY DAY,451
WONDERFUL GRACE OF JESUS,452
SOME DAY THE SILVER CORD WILL BREAK,453
MARVELOUS GRACE OF OUR LOVING LORD,454
I'D liKE TO STAY HERE LONGER THAN MAN'S ALLOTTED DAYS,455
WITH FRIENDS ON EARTH WE MEET IN GLADNESS,456
I'VE A HOME PREPARED WHERE THE SAINTS ABIDE,457
O WEARY SOUL THE GATE IS NEAR,458
I'M IN THE WAY THE BRIGHT AND SHINING WAY,459
WHEN I COME TO THE RIVER AT ENDING OF DAY,460
ON JORDAN'S STORMY BANKS I STAND,461
LEAD ME GENTLY HOME FATHER LEAD ME GENTLY HOME,462
IT THRILLS MY SOUL TO HEAR THE SONGS OF PRAISE,463
GOD SO LOVED US THAT HE GAVE,464
THERE COMES TO MY HEART ONE SWEET STRAIN,465
FAR AWAY IN THE DEPTHS OF MY SPIRIT TONIGHT,466
COMING TO JESUS MY SAVIOR I FOUND,467
SOMETIMES WHEN MISGIVINGS DARKEN THE DAY,468
IF WHEN YOU GIVE THE BEST OF YOUR SERVICE,469
I KNOW MY HEAV'NLY FATHER KNOWS,470
WHATEVER MAY COME TO ME,471
NOT NOW BUT IN THE COMING YEARS,472
TEMPTED AND TRIED WE'RE OFT MADE TO WONDER,473
WHY SHOULD I FEEL DISCOURAGED,474
AMID THE TRIALS WHICH I MEET,475
OF JESUS' LOVE THAT SOUGHT ME,476
BLESSED ASSURANCE JESUS IS MINE,477
I AM SAFE WHATEVER MAY BETIDE ME,478
FOR GOD SO LOVED THIS SINFUL WORLD,479
THERE'S A liNE THAT IS DRAWN BY REJECTING OUR LORD,480
THE SERVICE OF JESUS TRUE PLEASURE AFFORDS,481
FOLLOWING STORM CLOUDS COMETH THE SUNliGHT,482
AFTER THE MIDNIGHT MORNING WILL GREET US,483
TRIALS DARK ON EV'RY HAND AND WE CANNOT UNDERSTAND,484
DOES JESUS CARE WHEN MY HEART IS PAINED,485
SOMEBODY KNOWS WHEN YOUR HEART ACHES,486
SOMEBODY CARES WHEN YOUR HEART ACHES,487
I'VE SEEN THE liGHTNING FLASHING,488
ONE IS WALKING WITH ME OVER liFE'S UNEVEN WAY,489
UNDER HIS WINGS I AM SAFELY ABIDING,490
IN THE SHADOW OF HIS WINGS,491
THERE'S A PLACE OF REST WHERE MY SOUL CAN SING,492
THERE ARE DAYS SO DARK THAT I SEEK IN VAIN,493
SAFE IN THE ARMS OF JESUS,494
WILL YOUR ANCHOR HOLD IN THE STORMS OF liFE,495
MY SOUL IN SAD EXILE WAS OUT ON liFE'S SEA,496
RESCUE THE PERISHING,497
THROW OUT THE liFE liNE ACROSS THE DARK WAVE,498
TIS THE GRANDEST THEME THRU THE AGES RUNG,499
THE FATHER KIND ABOVE,500
GIVE ME THE BIBLE STAR OF GLADNESS GLEAMING,501
THERE'S A BOOK WHICH SURPASSES THE SAGES,502
liKE A STAR OF THE MORNING IN ITS BEAUTY,503
DAY IS DYING IN THE WEST,504
O SCATTER SEEDS OF LOVING DEEDS,505
SCATTERING PRECIOUS SEED BY THE WAYSIDE,506
ARE YOU SOWING THE SEED OF THE KINGDOM BROTHER,507
BROTHER WHAT OF THE SEED YOU ARE SOWING,508
SOWING THE SEED BY THE DAYliGHT FAIR,509
THERE'S NOT A FRIEND TO ME liKE JESUS,510
ARISE THE MASTER CALLS FOR THEE,511
CHRIST HAS NO HANDS BUT OUR HANDS,512
WHEN THE HARVEST IS PAST AND THE SUMMER IS O'ER,513
FAIREST LORD JESUS,514
IN THE HARVEST FIELD WE ARE TOIliNG TODAY,515
I BRING MY SINS TO THEE,516
WHY STAND YE IDLE ALL DAY LONG?,517
IT IS ENOUGH WITH HIS WORD TO COMPLY,518
O WILL YOU NOW FROM SIGHING CEASE,519
I'M NOT ASHAMED TO OWN THAT JESUS CAME AND DIED ON CALVARY,520
I'M NOT ASHAMED TO OWN MY LORD,521
WE HAVE HEARD THE JOYFUL SOUND,522
OUT ON THE PERILOUS DEEP,523
YOU ARE DRIFTING FAR FROM SHORE LEANING ON AN IDLE OAR,524
TOO LATE T'WILL BE FOR YOU TO CRY,525
SOUL YOU ARE DRIFTING ALONG ON THE TIDE,526
BRIGHTLY BEAMS OUR FATHER'S MERCY,527
SEEKING THE LOST YES KINDLY ENTREATING,528
HARK! 'TIS THE SHEPHERD'S VOICE I HEAR,529
JESUS MY SAVIOR TO BETHLEHEM CAME,530
NOTHING BETWEEN MY SOUL AND THE SAVIOR,531
MASTER THE TEMPEST IS RAGING!,532
THERE IS A GATE THAT STANDS AJAR,533
THERE'S liGHT IN THE VALLEY OF SHADOWS,534
SOFT AS THE VOICE OF AN ANGEL,535
IN THE HOUR OF TRIAL,536
THE WHOLE WORLD WAS LOST IN THE DARKNESS OF SIN,537
THERE NEVER WAS ONE liKE THE SAVIOR OF MEN,538
WHY WILL YOU IN BONDAGE STAY?,539
THERE IS A WAY THE GOSPEL WAY,540
WOULD YOU BE FREED FROM YOUR BURDEN OF SIN,541
THERE IS ONLY ONE WAY TO THE KINGDOM OF GOD,542
TRAV'liNG DOWN liFE'S PILGRIM WAY,543
BLESSED BE THE FOUNTAIN OF BLOOD,544
O THOU FOUNT OF EV'RY BLESSING,545
I MUST NEEDS GO HOME BY THE WAY OF THE CROSS,546
A RULER ONCE CAME TO JESUS BY NIGHT,547
LAY HOLD ON THE HOPE SET BEFORE YOU,548
MY STUBBORN WILL AT LAST HATH YIELDED,549
FEAR NOT liTTLE FLOCK SAYS THE SAVIOR DIVINE,550
WHATE'ER YOU DO IN WORD OR DEED,551
FREE FROM THE LAW O HAPPY CONDITION,552
CHRIST WILL ME HIS AID AFFORD,553
ARE YOU DWELliNG IN THE SUNliGHT?,554
OF ONE THE LORD HAS MADE THE RACE,555
AS THE liFE OF A FLOW'R,556
SOME DAY YOU'LL STAND AT THE BAR ON HIGH,557
WE NEVER KNOW AT THE DAWN OF DAY,558
TIS SO SWEET TO TRUST IN JESUS,559
THERE WERE NINETY AND NINE THAT SAFELY LAY,560
WHEN PEACE liKE A RIVER ATTENDETH MY WAY,561
WHEN THE SUN OF YOUR liFE HAS GONE DOWN,562
THERE'S A CALL COMES RINGING O'ER THE RESTLESS WAVE,563
ALL ALONG ON THE ROAD TO THE SOUL'S TRUE ABODE,564
BROTHER AFAR FROM THE SAVIOR TODAY,565
ARE YOU TRUSTING JESUS ALL ALONG THE WAY?,566
LORD I CARE NOT FOR RICHES NEITHER SILVER NOR GOLD,567
I WAS ONCE A SINNER BUT I CAME,568
WHEN I SHALL REACH THE MORE EXCELLENT GLORY,569
THERE IS JOY IN HEAV'N AMONG THE ANGELS,570
SOWING IN THE MORNING SOWING SEEDS OF KINDNESS,571
CHRIST FOR THE WORLD! WE SING,572
GLORY HALLELUJAH I SHALL NOT BE MOVED,573
YEARS I SPENT IN VANITY AND PRIDE,574
THERE'S SUNSHINE IN MY SOUL TODAY,575
I WANDERED IN THE SHADES OF NIGHT,576
WALKING IN SUNliGHT ALL OF MY JOURNEY,577
THIS IS MY FATHER'S WORLD,578
GIVE ME THY HEART SAYS THE FATHER ABOVE,579
O HEART BOWED DOWN WITH SORROW,580
IF THE DARK SHADOWS GATHER,581
SOME GOLDEN DAY THE HEART SHALL REAP,582
YOU WILL HAVE A HELPER NEAR AND NO FOE WILL GIVE YOU FEAR,583
I HAVE A SONG THAT JESUS GAVE ME,584
SINCE I GAVE MY HEART TO JESUS liFE IS MEANING MORE TO ME,585
THERE'S A SACRED AND HALLOWED RETREAT,586
YOU MAY HAVE THE JOYBELLS RINGING IN YOUR HEART,587
O LORD I COME TO THEE,588
IN THE DESERT OF SORROW AND SIN,589
BURIED WITH CHRIST MY BLESSED REDEEMER,590
BURIED WITH CHRIST AND RAISED WITH HIM TOO,591
O HAPPY DAY THAT FIXED MY CHOICE,592
THERE'S A FOUNTAIN FREE 'TIS FOR YOU AND ME,593
WILL YOU COME WILL YOU COME,594
BLESSED ARE THEY WHO DO HIS COMMANDMENTS,595
GOD IS CALliNG THE PRODIGAL COME WITHOUT DELAY,596
GOD CALliNG YET! SHALL I NOT HEAR?,597
I'VE WANDERED FAR AWAY FROM GOD,598
COME TO JESUS! HE WILL SAVE YOU,599
JESUS IS TENDERLY CALliNG THEE HOME,600
JESUS IS CALliNG CALliNG CALliNG,601
WHOSOEVER HEARETH SHOUT SHOUT THE SOUND,602
OUT OF MY BONDAGE SORROW AND NIGHT,603
I HEAR THY WELCOME VOICE,604
JUST AS I AM WITHOUT ONE PLEA,605
I HEAR THE SAVIOR SAY,606
ALL THINGS ARE READY COME TO THE FEAST,607
SOON THE EV'NING SHADOWS FALliNG,608
O THERE IS A TIME WHEN THE MESSAGE WILL COME,609
SHALL I CRUCIFY MY SAVIOR,610
THO YOUR SINS BE AS SCARLET,611
LORD JESUS I LONG TO BE PERFECTLY WHOLE,612
HAVE YOU BEEN TO JESUS FOR THE CLEANSING POW'R?,613
WHO AT MY DOOR IS STANDING,614
THE GREAT PHYSICIAN NOW IS NEAR,615
THERE'S A STRANGER AT THE DOOR,616
THE SAVIOR HAS KNOCKED AT YOUR HEART'S DOOR IN VAIN,617
IF YOU ARE TIRED OF THE LOAD OF YOUR SIN,618
WHAT A WONDERFUL CHANGE IN MY liFE HAS BEEN WRO'T,619
COME EV'RY SOUL BY SIN OPPRESSED,620
HAVE YOU ANY ROOM FOR JESUS,621
SOUL A SAVIOR THOU ART NEEDING!,622
WHY DO YOU WAIT DEAR SINNER?,623
WHY KEEP JESUS WAITING,624
WHILE WE PRAY AND WHILE WE PLEAD,625
O WHAT WILL YOU DO WITH JESUS?,626
IF YOU COULD SEE CHRIST STANDING HERE TONIGHT,627
THE VOICE OF THE SAVIOR SAYS COME,628
O DO NOT LET THE WORD DEPART,629
ARE YOU COMING HOME YE WAND'RERS,630
I HEARD THE VOICE OF JESUS SAY,631
O SOUL OF MINE BE NOT ALARMED,632
CARELESS SOUL WHY WILL YOU liNGER,633
WHERE WILL YOU SPEND ETERNITY,634
I AM COMING TO THE CROSS,635
HEAR THE SWEET VOICE OF JESUS SAY,636
WHEN JESUS COMES TO REWARD HIS SERVANTS,637
O WAND'RER HEAR THE SAVIOR'S CALL,638
I CAN HEAR MY SAVIOR CALliNG,639
SOFTLY AND TENDERLY JESUS IS CALliNG,640
WHILE THRU HIS WORD HE CALLS YOU,641
I AM RESOLVED NO LONGER TO liNGER,642
SINNERS JESUS WILL RECEIVE,643
WHEN WE WALK WITH THE LORD,644
I'M JUST A WEARY PILGRIM,645
I ONCE WAS LOST IN SIN BUT JESUS TOOK ME IN,646
ALMOST PERSUADED NOW TO BEliEVE,647
MY PRECIOUS SAVIOR SUFFERED PAIN AND AGONY,648
I GAVE MY liFE FOR THEE,649
JESUS GAVE HIS liFE A RANSOM YONDER ON CALVARY,650
AS YOU TRAVEL ALONG ON THE JERICHO ROAD,651
HOW SWEET HOW HEAVENLY IS THE SIGHT,652
IF THE SKIES ABOVE YOU ARE GRAY,653
ABIDE WITH ME! FAST FALLS THE EVENTIDE,654
GOD BE WITH YOU TILL WE MEET AGAIN,655
BLEST BE THE TIE THAT BINDS,656
BE NOT DISMAYED WHATE'ER BETIDE,657
FADE FADE EACH EARTHLY JOY,658
NOW THE DAY IS OVER,659
TARRY WITH ME O MY SAVIOR,660
TAKE THE NAME OF JESUS WITH YOU,661
IN THIS WORLD WE HAVE OUR BURDENS,662
GAZING UPWARD INTO HEAVEN,663
ON ZION'S GLORIOUS SUMMIT STOOD,664
SOON WE'LL COME TO THE END OF liFE'S JOURNEY,665
TROUBLESOME TIMES ARE HERE FILliNG MEN'S HEARTS WITH FEAR,666
WHEN WE BEHOLD THE WONDERS OF CREATION,667
THERE IS BEYOND THE AZURE BLUE,668
